794413804_1768687518228080_6224452282927640869_n.jpg;5
795027635_1769629011467264_1576898336618001419_n.jpg;50
795132431_1769628418133990_1230255130512739665_n.jpg;2
795188530_1769634111466754_3802110747607264143_n.jpg;555
795472541_1769629644800534_556461492024746183_n.jpg;007
795472541_1769631944800304_369927237708010872_n.jpg;69
795472548_1769631154800383_4706022332432707256_n.jpg;50
795582795_1769633718133460_7904935120695720939_n.jpg;99
795582796_1769628354800663_211750774226831470_n.jpg;6
795582798_1769634071466758_2011245213447036212_n.jpg;222
795662329_1768687284894770_1919155542222470191_n.jpg;3
795664101_1769628978133934_7035101234863778540_n.jpg;3
796276615_1769633334800165_1997253237190044413_n.jpg;93
796332334_1769629818133850_4461635796860029131_n.jpg;991
796416482_1769628731467292_7002049883855204225_n.jpg;27
796427389_1768687151561450_6771459025654002713_n.jpg;3
796439964_1769631498133682_3279399452226976784_n.jpg;54
796642172_1769631718133660_4858500269392451680_n.jpg;59
796642178_1769630824800416_4310659091877838724_n.jpg;31
796968550_1769633878133444_1889997613012010887_n.jpg;163
797009924_1769630184800480_6541511824213598049_n.jpg;14
797088101_1768689611561204_3894443313873084672_n.jpg;87
797625287_1768688668227965_2465402331248427900_n.jpg;58
799383789_1769629304800568_2430021747333151166_n.jpg;52
799441263_1768688518227980_285685366991835602_n.jpg;51
799442968_1769628524800646_4824489476246992670_n.jpg;10
799525885_1768687971561368_965255056755788406_n.jpg;21
799561572_1768686908228141_3874152001669028373_n.jpg;1
799675942_1768687844894714_7154409743561097394_n.jpg;16
799681215_1769628521467313_5203143422546963160_n.jpg;10
799770529_1768687168228115_8904145591191893482_n.jpg;3
799839649_1769633571466808_869826964386208194_n.jpg;93
799854171_1769632524800246_6652465055282198627_n.jpg;71
799959087_1769629314800567_7899703660171915312_n.jpg;52
800010359_1769631061467059_8051179896901815591_n.jpg;48
800130173_1769628358133996_6025516286029961766_n.jpg;3
800130176_1769628648133967_39554438547324152_n.jpg;3
800275743_1769629301467235_2407701666161197213_n.jpg;6
800317394_1768688211561344_6893966039225184559_n.jpg;34
800540383_1769633008133531_762045430403263658_n.jpg;89
800604321_1769629001467265_7051177434766558504_n.jpg;3
800604324_1769630314800467_8967916303571924348_n.jpg;21
800604332_1769628728133959_7703442369653282669_n.jpg;3
800643691_1769630411467124_485217573316005294_n.jpg;21
800643692_1769631648133667_6664480190918428108_n.jpg;58
800715603_1769631128133719_3885765226442124369_n.jpg;50
800715605_1769632958133536_6795205331231818644_n.jpg;84
800826373_1769633781466787_9108730623776187908_n.jpg;111
801045099_1769628914800607_8099240779860383076_n.jpg;3
806785667_1768690088227823_757285954932482447_n.jpg;99
807284841_1769634241466741_3761682435929248364_n.jpg;914
807673634_1768686914894807_8448712939787770269_n.jpg;3
807901301_1769632381466927_1891536712165191056_n.jpg;69
807909532_1768687571561408_6393454967133469204_n.jpg;007
808265690_1769628348133997_67829011206715710_n.jpg;3
808823442_1769632974800201_1824562017894408780_n.jpg;84
808998161_1769633488133483_833880460120975113_n.jpg;93
809235809_1769628384800660_3034835178379517204_n.jpg;3
809458818_1768688254894673_3461635435481568903_n.jpg;46
809685434_1769633111466854_3284859167859472198_n.jpg;93
809844417_1769630451467120_9166886453154300077_n.jpg;21
810247178_1769631384800360_2445131811209780541_n.jpg;54
810557201_1769632868133545_4635469310935166694_n.jpg;84
814034515_1768688818227950_7641378476491969345_n.jpg;61
814085396_1768686871561478_6899739092921576003_n.jpg;10
814085400_1768689991561166_1298870253117156924_n.jpg;96
814126889_1768687644894734_9075718564354767143_n.jpg;8
814290377_1768689101561255_4689101841774251805_n.jpg;69
814575367_1769631174800381_1503964798845775482_n.jpg;50
814629472_1769633394800159_3775650935204097658_n.jpg;93
814691869_1769631598133672_2830262402325095474_n.jpg;58
814695757_1769630524800446_1831650137199835945_n.jpg;30
814695758_1769628484800650_9134551928280853145_n.jpg;10
814768760_1768688884894610_2513918558095499500_n.jpg;66
814769047_1769631981466967_7568899037213559509_n.jpg;66,58
814779687_1768689454894553_6354495276234098489_n.jpg;77
814779696_1768688071561358_3149434755241712731_n.jpg;27
814785784_1768689274894571_528873674923220989_n.jpg;71
814785786_1768687478228084_6970103842117719150_n.jpg;3
814786159_1769630098133822_2823135455024041310_n.jpg;14
814800535_1769632591466906_3259134532226302205_n.jpg;71
814818130_1768689164894582_1137878172776601373_n.jpg;69
814818151_1768690134894485_3270736549628992006_n.jpg;222
814818156_1768687021561463_100938063777439345_n.jpg;3
814818162_1768688121561353_5139815047809898289_n.jpg;32
814818169_1768687314894767_6720049270014326674_n.jpg;3
814830643_1768688488227983_3227412952751655142_n.jpg;50
814926046_1768689748227857_4994442908612600016_n.jpg;93
814952787_1769629661467199_4714682383211942973_n.jpg;914
814952793_1769631714800327_886578932346704130_n.jpg;66
814971274_1768689261561239_5688637115742651652_n.jpg;70
814971284_1768687008228131_1856362515313765883_n.jpg;3
814971517_1769632531466912_8086710245986510659_n.jpg;71
815018550_1768688158228016_5835987154751333355_n.jpg;32
815018569_1768689738227858_6276325270934928496_n.jpg;89
815037692_1768688978227934_6640346130740461059_n.jpg;68
815098100_1768687798228052_8884957170280671823_n.jpg;11
815098111_1768688341561331_1768145495909956659_n.jpg;48
815098114_1768687938228038_2778587251691128604_n.jpg;21
815138571_1768687018228130_3418675370148488431_n.jpg;3
815138582_1768687688228063_8987750218545466040_n.jpg;9
815157697_1768689451561220_599843386674243239_n.jpg;71
815157704_1768688821561283_9005764121970593709_n.jpg;66
815187591_1768687731561392_4636975438497501980_n.jpg;11
815209433_1768689778227854_7389772264716993484_n.jpg;93
815209693_1769629098133922_5437441886808839005_n.jpg;51
815209693_1769634164800082_5796933213437319961_n.jpg;555
815267781_1768688351561330_648381775642803269_n.jpg;48
815267784_1768688564894642_8995584932527315949_n.jpg;54
815335419_1768688461561319_4992260159340511542_n.jpg;48
815335421_1768689058227926_8457862994940413016_n.jpg;69
815367279_1768688954894603_3974331434662394645_n.jpg;66
815367280_1768688628227969_4514410105530784197_n.jpg;54
815367664_1769630991467066_6729693171900669165_n.jpg;46
815468963_1769631358133696_3385218226293310740_n.jpg;52
815535743_1768689134894585_4979837499193361739_n.jpg;69
815535744_1768689418227890_1909503463037514824_n.jpg;71
815535856_1769629634800535_4715741829377612613_n.jpg;9
815576600_1769632894800209_4996092022153625740_n.jpg;84
815630842_1768689918227840_4472567611622283649_n.jpg;93
815631311_1769633698133462_8050051073307129450_n.jpg;96
815654704_1769629928133839_7007942250159901724_n.jpg;10
815734622_1769630104800488_272020069212674890_n.jpg;12
815767556_1769628591467306_4955736183347951694_n.jpg;3
815920407_1769628991467266_9141099059004860992_n.jpg;50
815920419_1769634218133410_5258001839039938304_n.jpg;914
815920424_1769633938133438_7927309486746036905_n.jpg;222
815920428_1769633621466803_1349519833393361274_n.jpg;96
815920428_1769634308133401_2290607531196862132_n.jpg;69
815920430_1769628831467282_1503870143495832768_n.jpg;48
815920431_1769631298133702_764601554366178930_n.jpg;51
815974109_1769630491467116_168240087649359526_n.jpg;21
816030290_1769628734800625_3756299784945311252_n.jpg;31
816030291_1769633258133506_1607611674417509052_n.jpg;93
816030293_1769632401466925_7866280802074741313_n.jpg;69
816088320_1768688758227956_1379170120605622754_n.jpg;59
816173171_1769629201467245_844809794650977520_n.jpg;3
816173176_1769633188133513_4555734671683146673_n.jpg;89
816173212_1768690264894472_4664168871983795719_n.jpg;991
816394328_1769628381467327_5289523052927556551_n.jpg;3
816394330_1769634038133428_7356717987630606689_n.jpg;222
816452448_1768690174894481_1366714759053570509_n.jpg;991
816452533_1769629641467201_538278955928327278_n.jpg;914
816615439_1769633421466823_3941302359691413844_n.jpg;93
816615440_1769632841466881_3623499318581025282_n.jpg;84
816615446_1769632144800284_3821465029974488657_n.jpg;69
816737512_1769631968133635_7812244853114167335_n.jpg;66
816928754_1769630611467104_6301662528265549318_n.jpg;30
816989574_1769630618133770_7966054136891073560_n.jpg;30
816989574_1769632434800255_5661190385387608430_n.jpg;69
816996322_1768686918228140_4407407662086303542_n.jpg;2
816996430_1769630674800431_8352989127876847165_n.jpg;31
817059399_1769630871467078_7634551578101141891_n.jpg;32
817117987_1768687308228101_534810157661352016_n.jpg;3
817118109_1769633518133480_3937091265670468024_n.jpg;93
817135083_1769633868133445_5330965980503071858_n.jpg;163
817176822_1769630028133829_7358164831503761792_n.jpg;12
817198020_1768687138228118_1383993109310917096_n.jpg;3
817217365_1768689581561207_1660047297366451810_n.jpg;80
817329448_1768687994894699_5346920034443092997_n.jpg;21
817342156_1768689838227848_4613346573696716133_n.jpg;93
817342157_1768687818228050_1876054262215560072_n.jpg;14
817342172_1769629281467237_3231281278877115024_n.jpg;3
817342172_1769629814800517_5070451264448199579_n.jpg;9
817383539_1768690078227824_8365219820421245263_n.jpg;69
817390937_1769629398133892_6656295824492914714_n.jpg;52
817532125_1769632181466947_5895290637024415743_n.jpg;69
817540402_1768687524894746_8613772396924686665_n.jpg;5
817624847_1768689614894537_7809151273419224525_n.jpg;88
817679391_1769630238133808_3545743124307503924_n.jpg;14
817708898_1769629908133841_5568089750494845149_n.jpg;10
817719310_1768690178227814_8224937956529417518_n.jpg;991
817719358_1769631044800394_2721103254538323902_n.jpg;48
817742316_1769632031466962_937778751486161770_n.jpg;69
817831170_1769630214800477_4678812657219275466_n.jpg;14
817868433_1769632058133626_3217112362758667840_n.jpg;69
818195390_1769629491467216_2666292338173164914_n.jpg;007
818298226_1769630744800424_5799827886423347405_n.jpg;31
818335001_1769629514800547_49419186069759814_n.jpg;222
818813929_1769630768133755_5122105130202816613_n.jpg;31
818932474_1769631568133675_3746911225670033581_n.jpg;58