23ZV6-2644.JPG;968;;;1
23ZV6-2719.JPG;968;;;1
23ZV6-2763.JPG;968;;;1
23ZV6-6325.JPG;968;;;1
23ZV6-6363.JPG;968;;;1
23ZV6-6723.JPG;968;;;1
23ZV6-6761.JPG;968;;;1
23ZV6-6853.JPG;968;;;1
23ZV6-6891.JPG;968;;;1
50-0Q3A9227.jpg;50;;;1
3-0H5A8746.jpg;3;;;1
14-0T9A2813.jpg;14;;;1
3-0RL10657.jpg;3;;;1
3-0RL10657.jpg;991;;;0
3-0RL10657.jpg;12;;;0
11-0Q3A8126.jpg;11;;;1
11-0Q3A8126.jpg;007;;;0
10-0H5A8755.jpg;10;;;1
991-1MDH8519.jpg;991;Darren Leung;LEU;1
991-1MDH8519.jpg;88;;;0
991-1MDH8519.jpg;27;;;0
93-1MDH7021.jpg;93;;;1
93-2MDH9244.jpg;93;;;1
69-1MDH9445.jpg;69;;;1
50-1MDH8849.jpg;50;Arthur Leclerc;LEC;1
50-1MDH8849.jpg;48;Maro Engel;MEN;0
50-1MDH8849.jpg;3;Chris Lulham;LUL;0
46-1MDH8684.jpg;46;Max Hesse;HES;1
46-1MDH8684.jpg;96;Patric Niederhauser;N..;0
46-1MDH8403.jpg;46;;;1
46-1MDH8403.jpg;96;;;0